-- --------------------------------------------------------
-- Máy chủ:                      127.0.0.1
-- Server version:               8.0.30 - MySQL Community Server - GPL
-- Server OS:                    Win64
-- HeidiSQL Phiên bản:           12.1.0.6537
-- --------------------------------------------------------

/*!40101 SET @OLD_CHARACTER_SET_CLIENT=@@CHARACTER_SET_CLIENT */;
/*!40101 SET NAMES utf8 */;
/*!50503 SET NAMES utf8mb4 */;
/*!40103 SET @OLD_TIME_ZONE=@@TIME_ZONE */;
/*!40103 SET TIME_ZONE='+00:00' */;
/*!40014 SET @OLD_FOREIGN_KEY_CHECKS=@@FOREIGN_KEY_CHECKS, FOREIGN_KEY_CHECKS=0 */;
/*!40101 SET @OLD_SQL_MODE=@@SQL_MODE, SQL_MODE='NO_AUTO_VALUE_ON_ZERO' */;
/*!40111 SET @OLD_SQL_NOTES=@@SQL_NOTES, SQL_NOTES=0 */;

-- Dumping data for table fruit_variety_shop.categories: ~5 rows (approximately)
REPLACE INTO `categories` (`id`, `name`, `description`, `created_at`, `updated_at`) VALUES
	(1, 'Hạt cây ăn quả nhiệt đới', 'Xoài, chuối, v.v.', '2025-08-17 19:18:23', '2025-09-14 19:41:57'),
	(2, 'Hạt cây ăn quả ôn đới', 'Táo, lê, v.v.', '2025-08-17 19:18:23', '2025-09-14 19:42:08'),
	(3, 'Hạt nhân', 'Trái cây tươi ngon', '2025-09-09 00:01:01', '2025-09-14 19:42:21'),
	(4, 'Hạt nhân 1', 'Trái cây sấy khô', '2025-09-09 00:01:01', '2025-09-14 19:42:34'),
	(5, 'Hạt nhân 2', 'Trái cây từ nước ngoài', '2025-09-09 00:01:01', '2025-09-14 19:42:44');

-- Dumping data for table fruit_variety_shop.migrations: ~19 rows (approximately)
REPLACE INTO `migrations` (`id`, `migration`, `batch`) VALUES
	(1, '2019_12_14_000001_create_personal_access_tokens_table', 1),
	(2, '2025_08_11_033408_create_categories_table', 1),
	(3, '2025_08_11_033424_create_products_table', 1),
	(4, '2025_08_18_021526_create_users_table', 1),
	(7, '2025_08_18_013652_add_role_to_users_table', 2),
	(8, '2025_08_19_060053_add_email_verification_to_users_table', 2),
	(9, '2025_09_08_000001_create_orders_table', 3),
	(10, '2025_09_08_000002_create_order_items_table', 3),
	(11, '2025_09_14_182552_create_reviews_table', 4),
	(12, '2025_09_14_190518_create_wishlists_table', 5),
	(13, '2025_09_14_190521_create_wishlists_table', 6),
	(14, '2025_09_14_195238_create_vouchers_table', 7),
	(15, '2025_09_14_195302_create_voucher_usages_table', 7),
	(16, '2025_09_14_195317_add_voucher_fields_to_orders_table', 7),
	(17, '2025_09_14_201451_create_voucher_categories_table', 8),
	(18, '2025_09_14_210341_create_pages_table', 9),
	(22, '2025_09_15_035112_create_password_reset_tokens_table', 10),
	(23, '2025_09_15_034508_create_password_resets_table', 11),
	(24, '2025_09_15_040150_create_newsletter_subscribers_table', 11);

-- Dumping data for table fruit_variety_shop.newsletter_subscribers: ~0 rows (approximately)

-- Dumping data for table fruit_variety_shop.orders: ~96 rows (approximately)
REPLACE INTO `orders` (`id`, `user_id`, `customer_name`, `customer_phone`, `customer_address`, `total_amount`, `voucher_id`, `voucher_code`, `discount_amount`, `subtotal`, `payment_method`, `payment_status`, `order_status`, `momo_transaction_id`, `note`, `created_at`, `updated_at`) VALUES
	(1, 2, 'gffghfgh', '0987654321', 'fbdfdf', 50000.00, NULL, NULL, 0.00, NULL, 'momo_card', 'paid', 'delivered', '4572647397', NULL, '2025-09-07 20:55:47', '2025-09-08 11:36:13'),
	(3, NULL, 'Test Customer', '0123456789', '123 Test Street, Test City', 50000.00, NULL, NULL, 0.00, NULL, 'cod', 'paid', 'delivered', NULL, NULL, '2025-09-08 11:01:06', '2025-09-08 11:36:29'),
	(4, 4, 'Khách hàng 1', '0901234567', 'Địa chỉ giao hàng 1', 0.00, NULL, NULL, 0.00, NULL, 'cod', 'pending', 'processing', NULL, NULL, '2025-08-10 00:01:44', '2025-08-10 00:01:44'),
	(5, 4, 'Khách hàng 1', '0901234567', 'Địa chỉ giao hàng 1', 320000.00, NULL, NULL, 0.00, NULL, 'cod', 'pending', 'delivered', NULL, NULL, '2025-08-10 00:02:16', '2025-09-09 00:02:16'),
	(6, 4, 'Khách hàng 2', '0901234567', 'Địa chỉ giao hàng 2', 80000.00, NULL, NULL, 0.00, NULL, 'cod', 'paid', 'pending', NULL, NULL, '2025-08-10 00:02:16', '2025-09-09 00:02:16'),
	(7, 4, 'Khách hàng 3', '0901234567', 'Địa chỉ giao hàng 3', 750000.00, NULL, NULL, 0.00, NULL, 'cod', 'paid', 'cancelled', NULL, NULL, '2025-08-10 00:02:16', '2025-09-09 00:02:16'),
	(8, 4, 'Khách hàng 4', '0901234567', 'Địa chỉ giao hàng 4', 170000.00, NULL, NULL, 0.00, NULL, 'cod', 'paid', 'pending', NULL, NULL, '2025-08-10 00:02:16', '2025-09-09 00:02:16'),
	(9, 4, 'Khách hàng 1', '0901234567', 'Địa chỉ giao hàng 1', 115000.00, NULL, NULL, 0.00, NULL, 'cod', 'pending', 'cancelled', NULL, NULL, '2025-08-11 00:02:16', '2025-09-09 00:02:16'),
	(10, 4, 'Khách hàng 2', '0901234567', 'Địa chỉ giao hàng 2', 210000.00, NULL, NULL, 0.00, NULL, 'cod', 'paid', 'delivered', NULL, NULL, '2025-08-11 00:02:16', '2025-09-09 00:02:16'),
	(11, 4, 'Khách hàng 3', '0901234567', 'Địa chỉ giao hàng 3', 40000.00, NULL, NULL, 0.00, NULL, 'cod', 'paid', 'cancelled', NULL, NULL, '2025-08-11 00:02:16', '2025-09-09 00:02:16'),
	(12, 4, 'Khách hàng 4', '0901234567', 'Địa chỉ giao hàng 4', 175000.00, NULL, NULL, 0.00, NULL, 'cod', 'pending', 'pending', NULL, NULL, '2025-08-11 00:02:16', '2025-09-09 00:02:16'),
	(13, 4, 'Khách hàng 1', '0901234567', 'Địa chỉ giao hàng 1', 130000.00, NULL, NULL, 0.00, NULL, 'cod', 'pending', 'processing', NULL, NULL, '2025-08-12 00:02:16', '2025-09-09 00:02:16'),
	(14, 4, 'Khách hàng 2', '0901234567', 'Địa chỉ giao hàng 2', 230000.00, NULL, NULL, 0.00, NULL, 'cod', 'paid', 'delivered', NULL, NULL, '2025-08-12 00:02:16', '2025-09-09 00:02:16'),
	(15, 4, 'Khách hàng 3', '0901234567', 'Địa chỉ giao hàng 3', 295000.00, NULL, NULL, 0.00, NULL, 'cod', 'pending', 'cancelled', NULL, NULL, '2025-08-12 00:02:16', '2025-09-09 00:02:16'),
	(16, 4, 'Khách hàng 4', '0901234567', 'Địa chỉ giao hàng 4', 215000.00, NULL, NULL, 0.00, NULL, 'cod', 'paid', 'pending', NULL, NULL, '2025-08-12 00:02:16', '2025-09-09 00:02:16'),
	(17, 4, 'Khách hàng 1', '0901234567', 'Địa chỉ giao hàng 1', 470000.00, NULL, NULL, 0.00, NULL, 'cod', 'paid', 'processing', NULL, NULL, '2025-08-13 00:02:17', '2025-09-09 00:02:17'),
	(18, 4, 'Khách hàng 2', '0901234567', 'Địa chỉ giao hàng 2', 295000.00, NULL, NULL, 0.00, NULL, 'cod', 'pending', 'delivered', NULL, NULL, '2025-08-13 00:02:17', '2025-09-09 00:02:17'),
	(19, 4, 'Khách hàng 3', '0901234567', 'Địa chỉ giao hàng 3', 245000.00, NULL, NULL, 0.00, NULL, 'cod', 'paid', 'delivered', NULL, NULL, '2025-08-13 00:02:17', '2025-09-09 00:02:17'),
	(20, 4, 'Khách hàng 4', '0901234567', 'Địa chỉ giao hàng 4', 195000.00, NULL, NULL, 0.00, NULL, 'cod', 'paid', 'delivered', NULL, NULL, '2025-08-13 00:02:17', '2025-09-09 00:02:17'),
	(21, 4, 'Khách hàng 1', '0901234567', 'Địa chỉ giao hàng 1', 275000.00, NULL, NULL, 0.00, NULL, 'cod', 'pending', 'pending', NULL, NULL, '2025-08-14 00:02:17', '2025-09-09 00:02:17'),
	(22, 4, 'Khách hàng 2', '0901234567', 'Địa chỉ giao hàng 2', 135000.00, NULL, NULL, 0.00, NULL, 'cod', 'pending', 'cancelled', NULL, NULL, '2025-08-14 00:02:17', '2025-09-09 00:02:17'),
	(23, 4, 'Khách hàng 1', '0901234567', 'Địa chỉ giao hàng 1', 650000.00, NULL, NULL, 0.00, NULL, 'cod', 'paid', 'delivered', NULL, NULL, '2025-08-15 00:02:17', '2025-09-09 00:02:17'),
	(24, 4, 'Khách hàng 2', '0901234567', 'Địa chỉ giao hàng 2', 460000.00, NULL, NULL, 0.00, NULL, 'cod', 'paid', 'delivered', NULL, NULL, '2025-08-15 00:02:17', '2025-09-09 00:02:17'),
	(25, 4, 'Khách hàng 3', '0901234567', 'Địa chỉ giao hàng 3', 130000.00, NULL, NULL, 0.00, NULL, 'cod', 'paid', 'delivered', NULL, NULL, '2025-08-15 00:02:17', '2025-09-09 00:02:17'),
	(26, 4, 'Khách hàng 1', '0901234567', 'Địa chỉ giao hàng 1', 270000.00, NULL, NULL, 0.00, NULL, 'cod', 'paid', 'pending', NULL, NULL, '2025-08-16 00:02:17', '2025-09-09 00:02:17'),
	(27, 4, 'Khách hàng 2', '0901234567', 'Địa chỉ giao hàng 2', 505000.00, NULL, NULL, 0.00, NULL, 'cod', 'paid', 'pending', NULL, NULL, '2025-08-16 00:02:17', '2025-09-09 00:02:17'),
	(28, 4, 'Khách hàng 3', '0901234567', 'Địa chỉ giao hàng 3', 65000.00, NULL, NULL, 0.00, NULL, 'cod', 'pending', 'cancelled', NULL, NULL, '2025-08-16 00:02:17', '2025-09-09 00:02:17'),
	(29, 4, 'Khách hàng 4', '0901234567', 'Địa chỉ giao hàng 4', 280000.00, NULL, NULL, 0.00, NULL, 'cod', 'pending', 'pending', NULL, NULL, '2025-08-16 00:02:17', '2025-09-09 00:02:17'),
	(30, 4, 'Khách hàng 5', '0901234567', 'Địa chỉ giao hàng 5', 565000.00, NULL, NULL, 0.00, NULL, 'cod', 'pending', 'delivered', NULL, NULL, '2025-08-16 00:02:17', '2025-09-09 00:02:17'),
	(31, 4, 'Khách hàng 1', '0901234567', 'Địa chỉ giao hàng 1', 315000.00, NULL, NULL, 0.00, NULL, 'cod', 'pending', 'delivered', NULL, NULL, '2025-08-17 00:02:17', '2025-09-09 00:02:17'),
	(32, 4, 'Khách hàng 2', '0901234567', 'Địa chỉ giao hàng 2', 405000.00, NULL, NULL, 0.00, NULL, 'cod', 'paid', 'processing', NULL, NULL, '2025-08-17 00:02:17', '2025-09-09 00:02:17'),
	(33, 4, 'Khách hàng 1', '0901234567', 'Địa chỉ giao hàng 1', 85000.00, NULL, NULL, 0.00, NULL, 'cod', 'pending', 'delivered', NULL, NULL, '2025-08-18 00:02:17', '2025-09-09 00:02:17'),
	(34, 4, 'Khách hàng 2', '0901234567', 'Địa chỉ giao hàng 2', 70000.00, NULL, NULL, 0.00, NULL, 'cod', 'paid', 'cancelled', NULL, NULL, '2025-08-18 00:02:17', '2025-09-09 00:02:17'),
	(35, 4, 'Khách hàng 3', '0901234567', 'Địa chỉ giao hàng 3', 400000.00, NULL, NULL, 0.00, NULL, 'cod', 'pending', 'pending', NULL, NULL, '2025-08-18 00:02:17', '2025-09-09 00:02:17'),
	(36, 4, 'Khách hàng 4', '0901234567', 'Địa chỉ giao hàng 4', 120000.00, NULL, NULL, 0.00, NULL, 'cod', 'pending', 'processing', NULL, NULL, '2025-08-18 00:02:17', '2025-09-09 00:02:17'),
	(37, 4, 'Khách hàng 1', '0901234567', 'Địa chỉ giao hàng 1', 235000.00, NULL, NULL, 0.00, NULL, 'cod', 'paid', 'cancelled', NULL, NULL, '2025-08-19 00:02:17', '2025-09-09 00:02:17'),
	(38, 4, 'Khách hàng 2', '0901234567', 'Địa chỉ giao hàng 2', 90000.00, NULL, NULL, 0.00, NULL, 'cod', 'paid', 'cancelled', NULL, NULL, '2025-08-19 00:02:17', '2025-09-09 00:02:17'),
	(39, 4, 'Khách hàng 3', '0901234567', 'Địa chỉ giao hàng 3', 155000.00, NULL, NULL, 0.00, NULL, 'cod', 'pending', 'pending', NULL, NULL, '2025-08-19 00:02:17', '2025-09-09 00:02:17'),
	(40, 4, 'Khách hàng 4', '0901234567', 'Địa chỉ giao hàng 4', 135000.00, NULL, NULL, 0.00, NULL, 'cod', 'paid', 'delivered', NULL, NULL, '2025-08-19 00:02:17', '2025-09-09 00:02:17'),
	(41, 4, 'Khách hàng 1', '0901234567', 'Địa chỉ giao hàng 1', 120000.00, NULL, NULL, 0.00, NULL, 'cod', 'pending', 'cancelled', NULL, NULL, '2025-08-20 00:02:17', '2025-09-09 00:02:17'),
	(42, 4, 'Khách hàng 2', '0901234567', 'Địa chỉ giao hàng 2', 255000.00, NULL, NULL, 0.00, NULL, 'cod', 'pending', 'cancelled', NULL, NULL, '2025-08-20 00:02:17', '2025-09-09 00:02:17'),
	(43, 4, 'Khách hàng 1', '0901234567', 'Địa chỉ giao hàng 1', 65000.00, NULL, NULL, 0.00, NULL, 'cod', 'paid', 'pending', NULL, NULL, '2025-08-21 00:02:17', '2025-09-09 00:02:17'),
	(44, 4, 'Khách hàng 2', '0901234567', 'Địa chỉ giao hàng 2', 50000.00, NULL, NULL, 0.00, NULL, 'cod', 'pending', 'delivered', NULL, NULL, '2025-08-21 00:02:17', '2025-09-09 00:02:17'),
	(45, 4, 'Khách hàng 1', '0901234567', 'Địa chỉ giao hàng 1', 320000.00, NULL, NULL, 0.00, NULL, 'cod', 'pending', 'cancelled', NULL, NULL, '2025-08-22 00:02:17', '2025-09-09 00:02:17'),
	(46, 4, 'Khách hàng 2', '0901234567', 'Địa chỉ giao hàng 2', 255000.00, NULL, NULL, 0.00, NULL, 'cod', 'paid', 'cancelled', NULL, NULL, '2025-08-22 00:02:17', '2025-09-09 00:02:17'),
	(47, 4, 'Khách hàng 3', '0901234567', 'Địa chỉ giao hàng 3', 330000.00, NULL, NULL, 0.00, NULL, 'cod', 'paid', 'delivered', NULL, NULL, '2025-08-22 00:02:17', '2025-09-09 00:02:17'),
	(48, 4, 'Khách hàng 4', '0901234567', 'Địa chỉ giao hàng 4', 240000.00, NULL, NULL, 0.00, NULL, 'cod', 'paid', 'cancelled', NULL, NULL, '2025-08-22 00:02:17', '2025-09-09 00:02:17'),
	(49, 4, 'Khách hàng 1', '0901234567', 'Địa chỉ giao hàng 1', 225000.00, NULL, NULL, 0.00, NULL, 'cod', 'paid', 'delivered', NULL, NULL, '2025-08-23 00:02:17', '2025-09-09 00:02:17'),
	(50, 4, 'Khách hàng 2', '0901234567', 'Địa chỉ giao hàng 2', 300000.00, NULL, NULL, 0.00, NULL, 'cod', 'pending', 'pending', NULL, NULL, '2025-08-23 00:02:17', '2025-09-09 00:02:17'),
	(51, 4, 'Khách hàng 3', '0901234567', 'Địa chỉ giao hàng 3', 85000.00, NULL, NULL, 0.00, NULL, 'cod', 'paid', 'pending', NULL, NULL, '2025-08-23 00:02:17', '2025-09-09 00:02:17'),
	(52, 4, 'Khách hàng 4', '0901234567', 'Địa chỉ giao hàng 4', 240000.00, NULL, NULL, 0.00, NULL, 'cod', 'pending', 'cancelled', NULL, NULL, '2025-08-23 00:02:17', '2025-09-09 00:02:17'),
	(53, 4, 'Khách hàng 1', '0901234567', 'Địa chỉ giao hàng 1', 335000.00, NULL, NULL, 0.00, NULL, 'cod', 'pending', 'processing', NULL, NULL, '2025-08-24 00:02:17', '2025-09-09 00:02:17'),
	(54, 4, 'Khách hàng 1', '0901234567', 'Địa chỉ giao hàng 1', 280000.00, NULL, NULL, 0.00, NULL, 'cod', 'pending', 'cancelled', NULL, NULL, '2025-08-25 00:02:17', '2025-09-09 00:02:17'),
	(55, 4, 'Khách hàng 2', '0901234567', 'Địa chỉ giao hàng 2', 140000.00, NULL, NULL, 0.00, NULL, 'cod', 'pending', 'processing', NULL, NULL, '2025-08-25 00:02:17', '2025-09-09 00:02:17'),
	(56, 4, 'Khách hàng 1', '0901234567', 'Địa chỉ giao hàng 1', 405000.00, NULL, NULL, 0.00, NULL, 'cod', 'pending', 'cancelled', NULL, NULL, '2025-08-26 00:02:17', '2025-09-09 00:02:17'),
	(57, 4, 'Khách hàng 1', '0901234567', 'Địa chỉ giao hàng 1', 540000.00, NULL, NULL, 0.00, NULL, 'cod', 'pending', 'cancelled', NULL, NULL, '2025-08-27 00:02:17', '2025-09-09 00:02:17'),
	(58, 4, 'Khách hàng 2', '0901234567', 'Địa chỉ giao hàng 2', 450000.00, NULL, NULL, 0.00, NULL, 'cod', 'paid', 'pending', NULL, NULL, '2025-08-27 00:02:17', '2025-09-09 00:02:17'),
	(59, 4, 'Khách hàng 3', '0901234567', 'Địa chỉ giao hàng 3', 335000.00, NULL, NULL, 0.00, NULL, 'cod', 'paid', 'pending', NULL, NULL, '2025-08-27 00:02:17', '2025-09-09 00:02:17'),
	(60, 4, 'Khách hàng 4', '0901234567', 'Địa chỉ giao hàng 4', 50000.00, NULL, NULL, 0.00, NULL, 'cod', 'pending', 'delivered', NULL, NULL, '2025-08-27 00:02:17', '2025-09-09 00:02:17'),
	(61, 4, 'Khách hàng 5', '0901234567', 'Địa chỉ giao hàng 5', 495000.00, NULL, NULL, 0.00, NULL, 'cod', 'pending', 'delivered', NULL, NULL, '2025-08-27 00:02:17', '2025-09-09 00:02:17'),
	(62, 4, 'Khách hàng 1', '0901234567', 'Địa chỉ giao hàng 1', 150000.00, NULL, NULL, 0.00, NULL, 'cod', 'paid', 'cancelled', NULL, NULL, '2025-08-28 00:02:17', '2025-09-09 00:02:17'),
	(63, 4, 'Khách hàng 1', '0901234567', 'Địa chỉ giao hàng 1', 345000.00, NULL, NULL, 0.00, NULL, 'cod', 'pending', 'cancelled', NULL, NULL, '2025-08-29 00:02:17', '2025-09-09 00:02:17'),
	(64, 4, 'Khách hàng 1', '0901234567', 'Địa chỉ giao hàng 1', 325000.00, NULL, NULL, 0.00, NULL, 'cod', 'paid', 'delivered', NULL, NULL, '2025-08-30 00:02:17', '2025-09-09 00:02:17'),
	(65, 4, 'Khách hàng 2', '0901234567', 'Địa chỉ giao hàng 2', 105000.00, NULL, NULL, 0.00, NULL, 'cod', 'paid', 'cancelled', NULL, NULL, '2025-08-30 00:02:17', '2025-09-09 00:02:17'),
	(66, 4, 'Khách hàng 3', '0901234567', 'Địa chỉ giao hàng 3', 195000.00, NULL, NULL, 0.00, NULL, 'cod', 'pending', 'cancelled', NULL, NULL, '2025-08-30 00:02:17', '2025-09-09 00:02:17'),
	(67, 4, 'Khách hàng 4', '0901234567', 'Địa chỉ giao hàng 4', 50000.00, NULL, NULL, 0.00, NULL, 'cod', 'paid', 'delivered', NULL, NULL, '2025-08-30 00:02:17', '2025-09-09 00:02:17'),
	(68, 4, 'Khách hàng 1', '0901234567', 'Địa chỉ giao hàng 1', 245000.00, NULL, NULL, 0.00, NULL, 'cod', 'paid', 'cancelled', NULL, NULL, '2025-08-31 00:02:17', '2025-09-09 00:02:17'),
	(69, 4, 'Khách hàng 2', '0901234567', 'Địa chỉ giao hàng 2', 305000.00, NULL, NULL, 0.00, NULL, 'cod', 'pending', 'pending', NULL, NULL, '2025-08-31 00:02:17', '2025-09-09 00:02:17'),
	(70, 4, 'Khách hàng 3', '0901234567', 'Địa chỉ giao hàng 3', 370000.00, NULL, NULL, 0.00, NULL, 'cod', 'paid', 'cancelled', NULL, NULL, '2025-08-31 00:02:17', '2025-09-09 00:02:17'),
	(71, 4, 'Khách hàng 4', '0901234567', 'Địa chỉ giao hàng 4', 140000.00, NULL, NULL, 0.00, NULL, 'cod', 'paid', 'cancelled', NULL, NULL, '2025-08-31 00:02:17', '2025-09-09 00:02:17'),
	(72, 4, 'Khách hàng 1', '0901234567', 'Địa chỉ giao hàng 1', 130000.00, NULL, NULL, 0.00, NULL, 'cod', 'pending', 'delivered', NULL, NULL, '2025-09-01 00:02:17', '2025-09-09 00:02:17'),
	(73, 4, 'Khách hàng 1', '0901234567', 'Địa chỉ giao hàng 1', 135000.00, NULL, NULL, 0.00, NULL, 'cod', 'paid', 'delivered', NULL, NULL, '2025-09-02 00:02:17', '2025-09-09 00:02:17'),
	(74, 4, 'Khách hàng 2', '0901234567', 'Địa chỉ giao hàng 2', 460000.00, NULL, NULL, 0.00, NULL, 'cod', 'pending', 'cancelled', NULL, NULL, '2025-09-02 00:02:17', '2025-09-09 00:02:17'),
	(75, 4, 'Khách hàng 1', '0901234567', 'Địa chỉ giao hàng 1', 220000.00, NULL, NULL, 0.00, NULL, 'cod', 'pending', 'delivered', NULL, NULL, '2025-09-03 00:02:17', '2025-09-09 00:02:17'),
	(76, 4, 'Khách hàng 2', '0901234567', 'Địa chỉ giao hàng 2', 360000.00, NULL, NULL, 0.00, NULL, 'cod', 'pending', 'pending', NULL, NULL, '2025-09-03 00:02:17', '2025-09-09 00:02:17'),
	(77, 4, 'Khách hàng 1', '0901234567', 'Địa chỉ giao hàng 1', 30000.00, NULL, NULL, 0.00, NULL, 'cod', 'pending', 'pending', NULL, NULL, '2025-09-04 00:02:17', '2025-09-09 00:02:17'),
	(78, 4, 'Khách hàng 2', '0901234567', 'Địa chỉ giao hàng 2', 120000.00, NULL, NULL, 0.00, NULL, 'cod', 'pending', 'delivered', NULL, NULL, '2025-09-04 00:02:17', '2025-09-09 00:02:17'),
	(79, 4, 'Khách hàng 3', '0901234567', 'Địa chỉ giao hàng 3', 280000.00, NULL, NULL, 0.00, NULL, 'cod', 'pending', 'processing', NULL, NULL, '2025-09-04 00:02:17', '2025-09-09 00:02:17'),
	(80, 4, 'Khách hàng 1', '0901234567', 'Địa chỉ giao hàng 1', 435000.00, NULL, NULL, 0.00, NULL, 'cod', 'paid', 'delivered', NULL, NULL, '2025-09-05 00:02:17', '2025-09-09 00:02:17'),
	(81, 4, 'Khách hàng 2', '0901234567', 'Địa chỉ giao hàng 2', 275000.00, NULL, NULL, 0.00, NULL, 'cod', 'paid', 'cancelled', NULL, NULL, '2025-09-05 00:02:17', '2025-09-09 00:02:17'),
	(82, 4, 'Khách hàng 3', '0901234567', 'Địa chỉ giao hàng 3', 105000.00, NULL, NULL, 0.00, NULL, 'cod', 'pending', 'delivered', NULL, NULL, '2025-09-05 00:02:17', '2025-09-09 00:02:17'),
	(83, 4, 'Khách hàng 4', '0901234567', 'Địa chỉ giao hàng 4', 100000.00, NULL, NULL, 0.00, NULL, 'cod', 'paid', 'pending', NULL, NULL, '2025-09-05 00:02:17', '2025-09-09 00:02:18'),
	(84, 4, 'Khách hàng 5', '0901234567', 'Địa chỉ giao hàng 5', 340000.00, NULL, NULL, 0.00, NULL, 'cod', 'pending', 'pending', NULL, NULL, '2025-09-05 00:02:17', '2025-09-09 00:02:18'),
	(85, 4, 'Khách hàng 1', '0901234567', 'Địa chỉ giao hàng 1', 25000.00, NULL, NULL, 0.00, NULL, 'cod', 'paid', 'delivered', NULL, NULL, '2025-09-06 00:02:18', '2025-09-09 00:02:18'),
	(86, 4, 'Khách hàng 2', '0901234567', 'Địa chỉ giao hàng 2', 410000.00, NULL, NULL, 0.00, NULL, 'cod', 'paid', 'delivered', NULL, NULL, '2025-09-06 00:02:18', '2025-09-09 00:02:18'),
	(87, 4, 'Khách hàng 3', '0901234567', 'Địa chỉ giao hàng 3', 195000.00, NULL, NULL, 0.00, NULL, 'cod', 'paid', 'delivered', NULL, NULL, '2025-09-06 00:02:18', '2025-09-09 00:02:18'),
	(88, 4, 'Khách hàng 4', '0901234567', 'Địa chỉ giao hàng 4', 310000.00, NULL, NULL, 0.00, NULL, 'cod', 'paid', 'cancelled', NULL, NULL, '2025-09-06 00:02:18', '2025-09-09 00:02:18'),
	(89, 4, 'Khách hàng 1', '0901234567', 'Địa chỉ giao hàng 1', 270000.00, NULL, NULL, 0.00, NULL, 'cod', 'paid', 'processing', NULL, NULL, '2025-09-07 00:02:18', '2025-09-09 00:02:18'),
	(90, 4, 'Khách hàng 2', '0901234567', 'Địa chỉ giao hàng 2', 300000.00, NULL, NULL, 0.00, NULL, 'cod', 'pending', 'cancelled', NULL, NULL, '2025-09-07 00:02:18', '2025-09-09 00:02:18'),
	(91, 4, 'Khách hàng 1', '0901234567', 'Địa chỉ giao hàng 1', 180000.00, NULL, NULL, 0.00, NULL, 'cod', 'pending', 'processing', NULL, NULL, '2025-09-08 00:02:18', '2025-09-09 00:02:18'),
	(92, 4, 'Khách hàng 2', '0901234567', 'Địa chỉ giao hàng 2', 170000.00, NULL, NULL, 0.00, NULL, 'cod', 'pending', 'processing', NULL, NULL, '2025-09-08 00:02:18', '2025-09-09 00:02:18'),
	(93, 4, 'Khách hàng 3', '0901234567', 'Địa chỉ giao hàng 3', 165000.00, NULL, NULL, 0.00, NULL, 'cod', 'pending', 'cancelled', NULL, NULL, '2025-09-08 00:02:18', '2025-09-09 00:02:18'),
	(94, 4, 'Khách hàng 4', '0901234567', 'Địa chỉ giao hàng 4', 635000.00, NULL, NULL, 0.00, NULL, 'cod', 'pending', 'processing', NULL, NULL, '2025-09-08 00:02:18', '2025-09-09 00:02:18'),
	(95, 4, 'Khách hàng 1', '0901234567', 'Địa chỉ giao hàng 1', 225000.00, NULL, NULL, 0.00, NULL, 'cod', 'paid', 'delivered', NULL, NULL, '2025-09-09 00:02:18', '2025-09-09 00:21:07'),
	(97, 2, 'sdvsdf', '0987654321', 'sdfsdf', 105000.00, NULL, NULL, 0.00, NULL, 'momo_card', 'paid', 'confirmed', '4575422053', NULL, '2025-09-14 19:27:11', '2025-09-14 19:27:11'),
	(98, 1, 'àdssdf', '1231231231', 'fdgdfgdfg', 550000.00, NULL, NULL, 0.00, NULL, 'momo_card', 'paid', 'confirmed', '4575422063', NULL, '2025-09-14 19:30:42', '2025-09-14 19:30:42');

-- Dumping data for table fruit_variety_shop.order_items: ~235 rows (approximately)
REPLACE INTO `order_items` (`id`, `order_id`, `product_id`, `quantity`, `price`, `created_at`, `updated_at`) VALUES
	(1, 1, 1, 1, 50000.00, '2025-09-07 20:55:47', '2025-09-07 20:55:47'),
	(3, 5, 3, 3, 45000.00, '2025-08-10 00:02:16', '2025-08-10 00:02:16'),
	(4, 5, 3, 3, 45000.00, '2025-08-10 00:02:16', '2025-08-10 00:02:16'),
	(5, 5, 1, 1, 50000.00, '2025-08-10 00:02:16', '2025-08-10 00:02:16'),
	(6, 6, 9, 2, 40000.00, '2025-08-10 00:02:16', '2025-08-10 00:02:16'),
	(7, 7, 6, 3, 85000.00, '2025-08-10 00:02:16', '2025-08-10 00:02:16'),
	(8, 7, 3, 2, 45000.00, '2025-08-10 00:02:16', '2025-08-10 00:02:16'),
	(9, 7, 1, 3, 50000.00, '2025-08-10 00:02:16', '2025-08-10 00:02:16'),
	(10, 7, 6, 3, 85000.00, '2025-08-10 00:02:16', '2025-08-10 00:02:16'),
	(11, 8, 8, 3, 30000.00, '2025-08-10 00:02:16', '2025-08-10 00:02:16'),
	(12, 8, 9, 2, 40000.00, '2025-08-10 00:02:16', '2025-08-10 00:02:16'),
	(13, 9, 6, 1, 85000.00, '2025-08-11 00:02:16', '2025-08-11 00:02:16'),
	(14, 9, 8, 1, 30000.00, '2025-08-11 00:02:16', '2025-08-11 00:02:16'),
	(15, 10, 5, 3, 25000.00, '2025-08-11 00:02:16', '2025-08-11 00:02:16'),
	(16, 10, 3, 3, 45000.00, '2025-08-11 00:02:16', '2025-08-11 00:02:16'),
	(17, 11, 9, 1, 40000.00, '2025-08-11 00:02:16', '2025-08-11 00:02:16'),
	(18, 12, 5, 2, 25000.00, '2025-08-11 00:02:16', '2025-08-11 00:02:16'),
	(19, 12, 2, 1, 60000.00, '2025-08-11 00:02:16', '2025-08-11 00:02:16'),
	(20, 12, 7, 1, 65000.00, '2025-08-11 00:02:16', '2025-08-11 00:02:16'),
	(21, 13, 7, 2, 65000.00, '2025-08-12 00:02:16', '2025-08-12 00:02:16'),
	(22, 14, 7, 2, 65000.00, '2025-08-12 00:02:16', '2025-08-12 00:02:16'),
	(23, 14, 1, 2, 50000.00, '2025-08-12 00:02:16', '2025-08-12 00:02:16'),
	(24, 15, 6, 1, 85000.00, '2025-08-12 00:02:16', '2025-08-12 00:02:16'),
	(25, 15, 9, 2, 40000.00, '2025-08-12 00:02:16', '2025-08-12 00:02:16'),
	(26, 15, 8, 1, 30000.00, '2025-08-12 00:02:16', '2025-08-12 00:02:16'),
	(27, 15, 1, 2, 50000.00, '2025-08-12 00:02:16', '2025-08-12 00:02:16'),
	(28, 16, 9, 2, 40000.00, '2025-08-12 00:02:16', '2025-08-12 00:02:16'),
	(29, 16, 3, 3, 45000.00, '2025-08-12 00:02:16', '2025-08-12 00:02:16'),
	(30, 17, 9, 1, 40000.00, '2025-08-13 00:02:17', '2025-08-13 00:02:17'),
	(31, 17, 1, 2, 50000.00, '2025-08-13 00:02:17', '2025-08-13 00:02:17'),
	(32, 17, 3, 3, 45000.00, '2025-08-13 00:02:17', '2025-08-13 00:02:17'),
	(33, 17, 7, 3, 65000.00, '2025-08-13 00:02:17', '2025-08-13 00:02:17'),
	(34, 18, 7, 1, 65000.00, '2025-08-13 00:02:17', '2025-08-13 00:02:17'),
	(35, 18, 1, 1, 50000.00, '2025-08-13 00:02:17', '2025-08-13 00:02:17'),
	(36, 18, 2, 3, 60000.00, '2025-08-13 00:02:17', '2025-08-13 00:02:17'),
	(37, 19, 3, 2, 45000.00, '2025-08-13 00:02:17', '2025-08-13 00:02:17'),
	(38, 19, 5, 2, 25000.00, '2025-08-13 00:02:17', '2025-08-13 00:02:17'),
	(39, 19, 8, 1, 30000.00, '2025-08-13 00:02:17', '2025-08-13 00:02:17'),
	(40, 19, 5, 3, 25000.00, '2025-08-13 00:02:17', '2025-08-13 00:02:17'),
	(41, 20, 7, 3, 65000.00, '2025-08-13 00:02:17', '2025-08-13 00:02:17'),
	(42, 21, 7, 2, 65000.00, '2025-08-14 00:02:17', '2025-08-14 00:02:17'),
	(43, 21, 8, 2, 30000.00, '2025-08-14 00:02:17', '2025-08-14 00:02:17'),
	(44, 21, 6, 1, 85000.00, '2025-08-14 00:02:17', '2025-08-14 00:02:17'),
	(45, 22, 4, 1, 35000.00, '2025-08-14 00:02:17', '2025-08-14 00:02:17'),
	(46, 22, 1, 2, 50000.00, '2025-08-14 00:02:17', '2025-08-14 00:02:17'),
	(47, 23, 3, 3, 45000.00, '2025-08-15 00:02:17', '2025-08-15 00:02:17'),
	(48, 23, 1, 3, 50000.00, '2025-08-15 00:02:17', '2025-08-15 00:02:17'),
	(49, 23, 6, 2, 85000.00, '2025-08-15 00:02:17', '2025-08-15 00:02:17'),
	(50, 23, 7, 3, 65000.00, '2025-08-15 00:02:17', '2025-08-15 00:02:17'),
	(51, 24, 7, 2, 65000.00, '2025-08-15 00:02:17', '2025-08-15 00:02:17'),
	(52, 24, 4, 3, 35000.00, '2025-08-15 00:02:17', '2025-08-15 00:02:17'),
	(53, 24, 1, 3, 50000.00, '2025-08-15 00:02:17', '2025-08-15 00:02:17'),
	(54, 24, 5, 3, 25000.00, '2025-08-15 00:02:17', '2025-08-15 00:02:17'),
	(55, 25, 9, 2, 40000.00, '2025-08-15 00:02:17', '2025-08-15 00:02:17'),
	(56, 25, 5, 2, 25000.00, '2025-08-15 00:02:17', '2025-08-15 00:02:17'),
	(57, 26, 6, 1, 85000.00, '2025-08-16 00:02:17', '2025-08-16 00:02:17'),
	(58, 26, 4, 1, 35000.00, '2025-08-16 00:02:17', '2025-08-16 00:02:17'),
	(59, 26, 1, 3, 50000.00, '2025-08-16 00:02:17', '2025-08-16 00:02:17'),
	(60, 27, 6, 1, 85000.00, '2025-08-16 00:02:17', '2025-08-16 00:02:17'),
	(61, 27, 1, 2, 50000.00, '2025-08-16 00:02:17', '2025-08-16 00:02:17'),
	(62, 27, 7, 1, 65000.00, '2025-08-16 00:02:17', '2025-08-16 00:02:17'),
	(63, 27, 6, 3, 85000.00, '2025-08-16 00:02:17', '2025-08-16 00:02:17'),
	(64, 28, 7, 1, 65000.00, '2025-08-16 00:02:17', '2025-08-16 00:02:17'),
	(65, 29, 1, 3, 50000.00, '2025-08-16 00:02:17', '2025-08-16 00:02:17'),
	(66, 29, 8, 2, 30000.00, '2025-08-16 00:02:17', '2025-08-16 00:02:17'),
	(67, 29, 4, 2, 35000.00, '2025-08-16 00:02:17', '2025-08-16 00:02:17'),
	(68, 30, 6, 3, 85000.00, '2025-08-16 00:02:17', '2025-08-16 00:02:17'),
	(69, 30, 7, 2, 65000.00, '2025-08-16 00:02:17', '2025-08-16 00:02:17'),
	(70, 30, 2, 3, 60000.00, '2025-08-16 00:02:17', '2025-08-16 00:02:17'),
	(71, 31, 5, 1, 25000.00, '2025-08-17 00:02:17', '2025-08-17 00:02:17'),
	(72, 31, 4, 1, 35000.00, '2025-08-17 00:02:17', '2025-08-17 00:02:17'),
	(73, 31, 6, 2, 85000.00, '2025-08-17 00:02:17', '2025-08-17 00:02:17'),
	(74, 31, 6, 1, 85000.00, '2025-08-17 00:02:17', '2025-08-17 00:02:17'),
	(75, 32, 1, 3, 50000.00, '2025-08-17 00:02:17', '2025-08-17 00:02:17'),
	(76, 32, 6, 3, 85000.00, '2025-08-17 00:02:17', '2025-08-17 00:02:17'),
	(77, 33, 2, 1, 60000.00, '2025-08-18 00:02:17', '2025-08-18 00:02:17'),
	(78, 33, 5, 1, 25000.00, '2025-08-18 00:02:17', '2025-08-18 00:02:17'),
	(79, 34, 5, 1, 25000.00, '2025-08-18 00:02:17', '2025-08-18 00:02:17'),
	(80, 34, 3, 1, 45000.00, '2025-08-18 00:02:17', '2025-08-18 00:02:17'),
	(81, 35, 7, 2, 65000.00, '2025-08-18 00:02:17', '2025-08-18 00:02:17'),
	(82, 35, 1, 2, 50000.00, '2025-08-18 00:02:17', '2025-08-18 00:02:17'),
	(83, 35, 3, 3, 45000.00, '2025-08-18 00:02:17', '2025-08-18 00:02:17'),
	(84, 35, 4, 1, 35000.00, '2025-08-18 00:02:17', '2025-08-18 00:02:17'),
	(85, 36, 1, 1, 50000.00, '2025-08-18 00:02:17', '2025-08-18 00:02:17'),
	(86, 36, 4, 2, 35000.00, '2025-08-18 00:02:17', '2025-08-18 00:02:17'),
	(87, 37, 3, 2, 45000.00, '2025-08-19 00:02:17', '2025-08-19 00:02:17'),
	(88, 37, 6, 1, 85000.00, '2025-08-19 00:02:17', '2025-08-19 00:02:17'),
	(89, 37, 8, 2, 30000.00, '2025-08-19 00:02:17', '2025-08-19 00:02:17'),
	(90, 38, 3, 2, 45000.00, '2025-08-19 00:02:17', '2025-08-19 00:02:17'),
	(91, 39, 3, 2, 45000.00, '2025-08-19 00:02:17', '2025-08-19 00:02:17'),
	(92, 39, 8, 1, 30000.00, '2025-08-19 00:02:17', '2025-08-19 00:02:17'),
	(93, 39, 4, 1, 35000.00, '2025-08-19 00:02:17', '2025-08-19 00:02:17'),
	(94, 40, 6, 1, 85000.00, '2025-08-19 00:02:17', '2025-08-19 00:02:17'),
	(95, 40, 1, 1, 50000.00, '2025-08-19 00:02:17', '2025-08-19 00:02:17'),
	(96, 41, 2, 2, 60000.00, '2025-08-20 00:02:17', '2025-08-20 00:02:17'),
	(97, 42, 5, 1, 25000.00, '2025-08-20 00:02:17', '2025-08-20 00:02:17'),
	(98, 42, 2, 1, 60000.00, '2025-08-20 00:02:17', '2025-08-20 00:02:17'),
	(99, 42, 4, 1, 35000.00, '2025-08-20 00:02:17', '2025-08-20 00:02:17'),
	(100, 42, 3, 3, 45000.00, '2025-08-20 00:02:17', '2025-08-20 00:02:17'),
	(101, 43, 7, 1, 65000.00, '2025-08-21 00:02:17', '2025-08-21 00:02:17'),
	(102, 44, 5, 2, 25000.00, '2025-08-21 00:02:17', '2025-08-21 00:02:17'),
	(103, 45, 2, 1, 60000.00, '2025-08-22 00:02:17', '2025-08-22 00:02:17'),
	(104, 45, 7, 3, 65000.00, '2025-08-22 00:02:17', '2025-08-22 00:02:17'),
	(105, 45, 7, 1, 65000.00, '2025-08-22 00:02:17', '2025-08-22 00:02:17'),
	(106, 46, 6, 3, 85000.00, '2025-08-22 00:02:17', '2025-08-22 00:02:17'),
	(107, 47, 1, 1, 50000.00, '2025-08-22 00:02:17', '2025-08-22 00:02:17'),
	(108, 47, 5, 3, 25000.00, '2025-08-22 00:02:17', '2025-08-22 00:02:17'),
	(109, 47, 4, 1, 35000.00, '2025-08-22 00:02:17', '2025-08-22 00:02:17'),
	(110, 47, 6, 2, 85000.00, '2025-08-22 00:02:17', '2025-08-22 00:02:17'),
	(111, 48, 2, 1, 60000.00, '2025-08-22 00:02:17', '2025-08-22 00:02:17'),
	(112, 48, 8, 2, 30000.00, '2025-08-22 00:02:17', '2025-08-22 00:02:17'),
	(113, 48, 2, 2, 60000.00, '2025-08-22 00:02:17', '2025-08-22 00:02:17'),
	(114, 49, 4, 3, 35000.00, '2025-08-23 00:02:17', '2025-08-23 00:02:17'),
	(115, 49, 2, 2, 60000.00, '2025-08-23 00:02:17', '2025-08-23 00:02:17'),
	(116, 50, 4, 3, 35000.00, '2025-08-23 00:02:17', '2025-08-23 00:02:17'),
	(117, 50, 6, 1, 85000.00, '2025-08-23 00:02:17', '2025-08-23 00:02:17'),
	(118, 50, 4, 1, 35000.00, '2025-08-23 00:02:17', '2025-08-23 00:02:17'),
	(119, 50, 5, 3, 25000.00, '2025-08-23 00:02:17', '2025-08-23 00:02:17'),
	(120, 51, 6, 1, 85000.00, '2025-08-23 00:02:17', '2025-08-23 00:02:17'),
	(121, 52, 1, 2, 50000.00, '2025-08-23 00:02:17', '2025-08-23 00:02:17'),
	(122, 52, 1, 2, 50000.00, '2025-08-23 00:02:17', '2025-08-23 00:02:17'),
	(123, 52, 9, 1, 40000.00, '2025-08-23 00:02:17', '2025-08-23 00:02:17'),
	(124, 53, 8, 1, 30000.00, '2025-08-24 00:02:17', '2025-08-24 00:02:17'),
	(125, 53, 1, 3, 50000.00, '2025-08-24 00:02:17', '2025-08-24 00:02:17'),
	(126, 53, 7, 2, 65000.00, '2025-08-24 00:02:17', '2025-08-24 00:02:17'),
	(127, 53, 5, 1, 25000.00, '2025-08-24 00:02:17', '2025-08-24 00:02:17'),
	(128, 54, 1, 3, 50000.00, '2025-08-25 00:02:17', '2025-08-25 00:02:17'),
	(129, 54, 5, 1, 25000.00, '2025-08-25 00:02:17', '2025-08-25 00:02:17'),
	(130, 54, 4, 3, 35000.00, '2025-08-25 00:02:17', '2025-08-25 00:02:17'),
	(131, 55, 4, 1, 35000.00, '2025-08-25 00:02:17', '2025-08-25 00:02:17'),
	(132, 55, 4, 3, 35000.00, '2025-08-25 00:02:17', '2025-08-25 00:02:17'),
	(133, 56, 2, 1, 60000.00, '2025-08-26 00:02:17', '2025-08-26 00:02:17'),
	(134, 56, 3, 2, 45000.00, '2025-08-26 00:02:17', '2025-08-26 00:02:17'),
	(135, 56, 6, 2, 85000.00, '2025-08-26 00:02:17', '2025-08-26 00:02:17'),
	(136, 56, 6, 1, 85000.00, '2025-08-26 00:02:17', '2025-08-26 00:02:17'),
	(137, 57, 8, 3, 30000.00, '2025-08-27 00:02:17', '2025-08-27 00:02:17'),
	(138, 57, 7, 3, 65000.00, '2025-08-27 00:02:17', '2025-08-27 00:02:17'),
	(139, 57, 6, 3, 85000.00, '2025-08-27 00:02:17', '2025-08-27 00:02:17'),
	(140, 58, 7, 3, 65000.00, '2025-08-27 00:02:17', '2025-08-27 00:02:17'),
	(141, 58, 6, 3, 85000.00, '2025-08-27 00:02:17', '2025-08-27 00:02:17'),
	(142, 59, 3, 1, 45000.00, '2025-08-27 00:02:17', '2025-08-27 00:02:17'),
	(143, 59, 2, 2, 60000.00, '2025-08-27 00:02:17', '2025-08-27 00:02:17'),
	(144, 59, 6, 2, 85000.00, '2025-08-27 00:02:17', '2025-08-27 00:02:17'),
	(145, 60, 5, 2, 25000.00, '2025-08-27 00:02:17', '2025-08-27 00:02:17'),
	(146, 61, 2, 1, 60000.00, '2025-08-27 00:02:17', '2025-08-27 00:02:17'),
	(147, 61, 6, 3, 85000.00, '2025-08-27 00:02:17', '2025-08-27 00:02:17'),
	(148, 61, 5, 3, 25000.00, '2025-08-27 00:02:17', '2025-08-27 00:02:17'),
	(149, 61, 4, 3, 35000.00, '2025-08-27 00:02:17', '2025-08-27 00:02:17'),
	(150, 62, 8, 1, 30000.00, '2025-08-28 00:02:17', '2025-08-28 00:02:17'),
	(151, 62, 2, 2, 60000.00, '2025-08-28 00:02:17', '2025-08-28 00:02:17'),
	(152, 63, 9, 1, 40000.00, '2025-08-29 00:02:17', '2025-08-29 00:02:17'),
	(153, 63, 3, 1, 45000.00, '2025-08-29 00:02:17', '2025-08-29 00:02:17'),
	(154, 63, 7, 3, 65000.00, '2025-08-29 00:02:17', '2025-08-29 00:02:17'),
	(155, 63, 7, 1, 65000.00, '2025-08-29 00:02:17', '2025-08-29 00:02:17'),
	(156, 64, 6, 2, 85000.00, '2025-08-30 00:02:17', '2025-08-30 00:02:17'),
	(157, 64, 9, 2, 40000.00, '2025-08-30 00:02:17', '2025-08-30 00:02:17'),
	(158, 64, 5, 3, 25000.00, '2025-08-30 00:02:17', '2025-08-30 00:02:17'),
	(159, 65, 4, 3, 35000.00, '2025-08-30 00:02:17', '2025-08-30 00:02:17'),
	(160, 66, 7, 3, 65000.00, '2025-08-30 00:02:17', '2025-08-30 00:02:17'),
	(161, 67, 1, 1, 50000.00, '2025-08-30 00:02:17', '2025-08-30 00:02:17'),
	(162, 68, 2, 3, 60000.00, '2025-08-31 00:02:17', '2025-08-31 00:02:17'),
	(163, 68, 7, 1, 65000.00, '2025-08-31 00:02:17', '2025-08-31 00:02:17'),
	(164, 69, 5, 2, 25000.00, '2025-08-31 00:02:17', '2025-08-31 00:02:17'),
	(165, 69, 6, 3, 85000.00, '2025-08-31 00:02:17', '2025-08-31 00:02:17'),
	(166, 70, 9, 1, 40000.00, '2025-08-31 00:02:17', '2025-08-31 00:02:17'),
	(167, 70, 2, 3, 60000.00, '2025-08-31 00:02:17', '2025-08-31 00:02:17'),
	(168, 70, 1, 3, 50000.00, '2025-08-31 00:02:17', '2025-08-31 00:02:17'),
	(169, 71, 1, 1, 50000.00, '2025-08-31 00:02:17', '2025-08-31 00:02:17'),
	(170, 71, 3, 2, 45000.00, '2025-08-31 00:02:17', '2025-08-31 00:02:17'),
	(171, 72, 7, 2, 65000.00, '2025-09-01 00:02:17', '2025-09-01 00:02:17'),
	(172, 73, 9, 1, 40000.00, '2025-09-02 00:02:17', '2025-09-02 00:02:17'),
	(173, 73, 8, 1, 30000.00, '2025-09-02 00:02:17', '2025-09-02 00:02:17'),
	(174, 73, 7, 1, 65000.00, '2025-09-02 00:02:17', '2025-09-02 00:02:17'),
	(175, 74, 8, 2, 30000.00, '2025-09-02 00:02:17', '2025-09-02 00:02:17'),
	(176, 74, 2, 2, 60000.00, '2025-09-02 00:02:17', '2025-09-02 00:02:17'),
	(177, 74, 2, 3, 60000.00, '2025-09-02 00:02:17', '2025-09-02 00:02:17'),
	(178, 74, 1, 2, 50000.00, '2025-09-02 00:02:17', '2025-09-02 00:02:17'),
	(179, 75, 8, 2, 30000.00, '2025-09-03 00:02:17', '2025-09-03 00:02:17'),
	(180, 75, 4, 2, 35000.00, '2025-09-03 00:02:17', '2025-09-03 00:02:17'),
	(181, 75, 3, 1, 45000.00, '2025-09-03 00:02:17', '2025-09-03 00:02:17'),
	(182, 75, 3, 1, 45000.00, '2025-09-03 00:02:17', '2025-09-03 00:02:17'),
	(183, 76, 4, 3, 35000.00, '2025-09-03 00:02:17', '2025-09-03 00:02:17'),
	(184, 76, 6, 3, 85000.00, '2025-09-03 00:02:17', '2025-09-03 00:02:17'),
	(185, 77, 8, 1, 30000.00, '2025-09-04 00:02:17', '2025-09-04 00:02:17'),
	(186, 78, 2, 2, 60000.00, '2025-09-04 00:02:17', '2025-09-04 00:02:17'),
	(187, 79, 3, 1, 45000.00, '2025-09-04 00:02:17', '2025-09-04 00:02:17'),
	(188, 79, 5, 2, 25000.00, '2025-09-04 00:02:17', '2025-09-04 00:02:17'),
	(189, 79, 1, 2, 50000.00, '2025-09-04 00:02:17', '2025-09-04 00:02:17'),
	(190, 79, 6, 1, 85000.00, '2025-09-04 00:02:17', '2025-09-04 00:02:17'),
	(191, 80, 7, 2, 65000.00, '2025-09-05 00:02:17', '2025-09-05 00:02:17'),
	(192, 80, 6, 3, 85000.00, '2025-09-05 00:02:17', '2025-09-05 00:02:17'),
	(193, 80, 1, 1, 50000.00, '2025-09-05 00:02:17', '2025-09-05 00:02:17'),
	(194, 81, 9, 2, 40000.00, '2025-09-05 00:02:17', '2025-09-05 00:02:17'),
	(195, 81, 8, 3, 30000.00, '2025-09-05 00:02:17', '2025-09-05 00:02:17'),
	(196, 81, 4, 3, 35000.00, '2025-09-05 00:02:17', '2025-09-05 00:02:17'),
	(197, 82, 7, 1, 65000.00, '2025-09-05 00:02:17', '2025-09-05 00:02:17'),
	(198, 82, 9, 1, 40000.00, '2025-09-05 00:02:17', '2025-09-05 00:02:17'),
	(199, 83, 1, 2, 50000.00, '2025-09-05 00:02:17', '2025-09-05 00:02:17'),
	(200, 84, 6, 2, 85000.00, '2025-09-05 00:02:17', '2025-09-05 00:02:17'),
	(201, 84, 7, 1, 65000.00, '2025-09-05 00:02:17', '2025-09-05 00:02:17'),
	(202, 84, 4, 2, 35000.00, '2025-09-05 00:02:17', '2025-09-05 00:02:17'),
	(203, 84, 4, 1, 35000.00, '2025-09-05 00:02:17', '2025-09-05 00:02:17'),
	(204, 85, 5, 1, 25000.00, '2025-09-06 00:02:18', '2025-09-06 00:02:18'),
	(205, 86, 1, 3, 50000.00, '2025-09-06 00:02:18', '2025-09-06 00:02:18'),
	(206, 86, 4, 3, 35000.00, '2025-09-06 00:02:18', '2025-09-06 00:02:18'),
	(207, 86, 7, 1, 65000.00, '2025-09-06 00:02:18', '2025-09-06 00:02:18'),
	(208, 86, 8, 3, 30000.00, '2025-09-06 00:02:18', '2025-09-06 00:02:18'),
	(209, 87, 7, 3, 65000.00, '2025-09-06 00:02:18', '2025-09-06 00:02:18'),
	(210, 88, 4, 1, 35000.00, '2025-09-06 00:02:18', '2025-09-06 00:02:18'),
	(211, 88, 7, 2, 65000.00, '2025-09-06 00:02:18', '2025-09-06 00:02:18'),
	(212, 88, 9, 2, 40000.00, '2025-09-06 00:02:18', '2025-09-06 00:02:18'),
	(213, 88, 7, 1, 65000.00, '2025-09-06 00:02:18', '2025-09-06 00:02:18'),
	(214, 89, 2, 1, 60000.00, '2025-09-07 00:02:18', '2025-09-07 00:02:18'),
	(215, 89, 4, 3, 35000.00, '2025-09-07 00:02:18', '2025-09-07 00:02:18'),
	(216, 89, 4, 3, 35000.00, '2025-09-07 00:02:18', '2025-09-07 00:02:18'),
	(217, 90, 2, 2, 60000.00, '2025-09-07 00:02:18', '2025-09-07 00:02:18'),
	(218, 90, 2, 3, 60000.00, '2025-09-07 00:02:18', '2025-09-07 00:02:18'),
	(219, 91, 3, 2, 45000.00, '2025-09-08 00:02:18', '2025-09-08 00:02:18'),
	(220, 91, 5, 1, 25000.00, '2025-09-08 00:02:18', '2025-09-08 00:02:18'),
	(221, 91, 8, 1, 30000.00, '2025-09-08 00:02:18', '2025-09-08 00:02:18'),
	(222, 91, 4, 1, 35000.00, '2025-09-08 00:02:18', '2025-09-08 00:02:18'),
	(223, 92, 6, 2, 85000.00, '2025-09-08 00:02:18', '2025-09-08 00:02:18'),
	(224, 93, 5, 1, 25000.00, '2025-09-08 00:02:18', '2025-09-08 00:02:18'),
	(225, 93, 4, 3, 35000.00, '2025-09-08 00:02:18', '2025-09-08 00:02:18'),
	(226, 93, 4, 1, 35000.00, '2025-09-08 00:02:18', '2025-09-08 00:02:18'),
	(227, 94, 6, 3, 85000.00, '2025-09-08 00:02:18', '2025-09-08 00:02:18'),
	(228, 94, 7, 3, 65000.00, '2025-09-08 00:02:18', '2025-09-08 00:02:18'),
	(229, 94, 3, 3, 45000.00, '2025-09-08 00:02:18', '2025-09-08 00:02:18'),
	(230, 94, 5, 2, 25000.00, '2025-09-08 00:02:18', '2025-09-08 00:02:18'),
	(231, 95, 9, 2, 40000.00, '2025-09-09 00:02:18', '2025-09-09 00:02:18'),
	(232, 95, 1, 2, 50000.00, '2025-09-09 00:02:18', '2025-09-09 00:02:18'),
	(233, 95, 3, 1, 45000.00, '2025-09-09 00:02:18', '2025-09-09 00:02:18'),
	(235, 97, 2, 1, 60000.00, '2025-09-14 19:27:11', '2025-09-14 19:27:11'),
	(236, 97, 3, 1, 45000.00, '2025-09-14 19:27:11', '2025-09-14 19:27:11'),
	(237, 98, 2, 10, 60000.00, '2025-09-14 19:30:42', '2025-09-14 19:30:42');

-- Dumping data for table fruit_variety_shop.pages: ~8 rows (approximately)
REPLACE INTO `pages` (`id`, `title`, `slug`, `content`, `excerpt`, `meta_title`, `meta_description`, `meta_keywords`, `is_published`, `show_in_menu`, `menu_order`, `template`, `featured_image`, `created_by`, `updated_by`, `published_at`, `created_at`, `updated_at`) VALUES
	(1, 'Về chúng tôi', 've-chung-toi', '<h2>Câu chuyện của chúng tôi</h2>\n                <p>Được thành lập từ năm 2018, <strong>Fruit Variety Shop</strong> đã trở thành một trong những cửa hàng trái cây uy tín hàng đầu tại Việt Nam. Chúng tôi bắt đầu từ một cửa hàng nhỏ với ước mơ mang đến cho khách hàng những trái cây tươi ngon, chất lượng cao với giá cả hợp lý.</p>\n\n                <h3>Sứ mệnh của chúng tôi</h3>\n                <p>Chúng tôi cam kết:</p>\n                <ul>\n                    <li>Cung cấp trái cây tươi ngon, an toàn cho sức khỏe</li>\n                    <li>Đảm bảo chất lượng từ nguồn gốc đến tay khách hàng</li>\n                    <li>Phục vụ khách hàng với sự tận tâm và chuyên nghiệp</li>\n                    <li>Góp phần xây dựng lối sống khỏe mạnh cho cộng đồng</li>\n                </ul>\n\n                <h3>Tầm nhìn</h3>\n                <p>Trở thành chuỗi cửa hàng trái cây hàng đầu Việt Nam, được khách hàng tin tưởng và lựa chọn.</p>\n\n                <h3>Đội ngũ của chúng tôi</h3>\n                <p>Với đội ngũ nhân viên giàu kinh nghiệm và đam mê, chúng tôi luôn sẵn sàng tư vấn và hỗ trợ khách hàng chọn được những sản phẩm phù hợp nhất.</p>', 'Tìm hiểu về câu chuyện và sứ mệnh của Fruit Variety Shop - nơi cung cấp trái cây tươi ngon, chất lượng cao.', 'Về chúng tôi - Fruit Variety Shop', 'Tìm hiểu về Fruit Variety Shop - cửa hàng trái cây uy tín với sứ mệnh mang đến sản phẩm tươi ngon, chất lượng cao cho khách hàng.', 'về chúng tôi, fruit variety shop, cửa hàng trái cây, trái cây tươi', 1, 1, 1, 'about', 'https://images.unsplash.com/photo-1542838132-92c53300491e?ixlib=rb-4.0.3&auto=format&fit=crop&w=1200&q=80', 1, 1, '2025-09-14 14:19:57', '2025-09-14 14:19:57', '2025-09-14 14:19:57'),
	(2, 'Liên hệ', 'lien-he', '<h2>Thông tin liên hệ</h2>\n                <p>Chúng tôi luôn sẵn sàng lắng nghe và hỗ trợ bạn. Hãy liên hệ với chúng tôi qua các thông tin dưới đây:</p>\n\n                <h3>Địa chỉ cửa hàng</h3>\n                <p><strong>Cửa hàng chính:</strong><br>\n                123 Đường ABC, Quận 1, TP. Hồ Chí Minh<br>\n                Điện thoại: 0123 456 789</p>\n\n                <p><strong>Chi nhánh 2:</strong><br>\n                456 Đường XYZ, Quận 7, TP. Hồ Chí Minh<br>\n                Điện thoại: 0987 654 321</p>\n\n                <h3>Thời gian làm việc</h3>\n                <ul>\n                    <li>Thứ 2 - Thứ 6: 8:00 - 18:00</li>\n                    <li>Thứ 7 - Chủ nhật: 9:00 - 17:00</li>\n                    <li>Các ngày lễ: 9:00 - 15:00</li>\n                </ul>\n\n                <h3>Liên hệ online</h3>\n                <p>Email: info@fruitvarietyshop.com<br>\n                Website: www.fruitvarietyshop.com<br>\n                Hotline: 1900 1234 (miễn phí)</p>', 'Liên hệ với Fruit Variety Shop để được tư vấn và hỗ trợ tốt nhất về các sản phẩm trái cây.', 'Liên hệ - Fruit Variety Shop', 'Liên hệ với Fruit Variety Shop qua hotline, email hoặc đến trực tiếp cửa hàng để được tư vấn về trái cây tươi ngon.', 'liên hệ, fruit variety shop, địa chỉ cửa hàng, hotline', 1, 1, 2, 'contact', NULL, 1, 1, '2025-09-14 14:19:57', '2025-09-14 14:19:57', '2025-09-14 14:19:57'),
	(3, 'Chính sách bảo mật', 'chinh-sach-bao-mat', '<h1>Chính sách bảo mật thông tin</h1>\n\n                <h2>1. Mục đích thu thập thông tin</h2>\n                <p>Chúng tôi thu thập thông tin cá nhân của khách hàng để:</p>\n                <ul>\n                    <li>Xử lý đơn hàng và giao hàng</li>\n                    <li>Cung cấp dịch vụ khách hàng</li>\n                    <li>Gửi thông tin khuyến mãi (khi có sự đồng ý)</li>\n                    <li>Cải thiện chất lượng dịch vụ</li>\n                </ul>\n\n                <h2>2. Phạm vi thu thập thông tin</h2>\n                <p>Chúng tôi thu thập các thông tin sau:</p>\n                <ul>\n                    <li>Họ tên, số điện thoại, email</li>\n                    <li>Địa chỉ giao hàng</li>\n                    <li>Thông tin thanh toán (được mã hóa bảo mật)</li>\n                    <li>Lịch sử mua hàng</li>\n                </ul>\n\n                <h2>3. Thời gian lưu trữ thông tin</h2>\n                <p>Thông tin cá nhân của khách hàng sẽ được lưu trữ cho đến khi có yêu cầu hủy bỏ hoặc tự khách hàng đăng nhập và thực hiện hủy bỏ.</p>\n\n                <h2>4. Cam kết bảo mật</h2>\n                <p>Chúng tôi cam kết:</p>\n                <ul>\n                    <li>Không bán, chia sẻ thông tin cá nhân cho bên thứ ba</li>\n                    <li>Sử dụng công nghệ bảo mật tiên tiến</li>\n                    <li>Đào tạo nhân viên về quy định bảo mật</li>\n                    <li>Thông báo ngay khi có sự cố bảo mật</li>\n                </ul>\n\n                <h2>5. Quyền của khách hàng</h2>\n                <p>Khách hàng có quyền:</p>\n                <ul>\n                    <li>Được biết về việc thu thập, sử dụng thông tin</li>\n                    <li>Yêu cầu chỉnh sửa, cập nhật thông tin</li>\n                    <li>Yêu cầu xóa thông tin cá nhân</li>\n                    <li>Từ chối việc thu thập thông tin</li>\n                </ul>', 'Chính sách bảo mật thông tin cá nhân của khách hàng tại Fruit Variety Shop.', 'Chính sách bảo mật - Fruit Variety Shop', 'Tìm hiểu về chính sách bảo mật thông tin cá nhân và cam kết bảo vệ quyền riêng tư của khách hàng tại Fruit Variety Shop.', 'chính sách bảo mật, bảo vệ thông tin, quyền riêng tư', 1, 0, 0, 'policy', NULL, 1, 1, '2025-09-14 14:19:57', '2025-09-14 14:19:57', '2025-09-14 14:19:57'),
	(4, 'Điều khoản sử dụng', 'dieu-khoan-su-dung', '<h1>Điều khoản sử dụng website</h1>\n\n                <h2>1. Chấp nhận điều khoản</h2>\n                <p>Bằng việc truy cập và sử dụng website này, bạn đồng ý tuân thủ các điều khoản và điều kiện được quy định dưới đây.</p>\n\n                <h2>2. Sử dụng website</h2>\n                <p>Website này được cung cấp để:</p>\n                <ul>\n                    <li>Giới thiệu sản phẩm và dịch vụ</li>\n                    <li>Nhận đặt hàng trực tuyến</li>\n                    <li>Cung cấp thông tin hữu ích</li>\n                    <li>Hỗ trợ khách hàng</li>\n                </ul>\n\n                <h2>3. Quyền sở hữu trí tuệ</h2>\n                <p>Tất cả nội dung trên website bao gồm văn bản, hình ảnh, logo đều thuộc quyền sở hữu của Fruit Variety Shop.</p>\n\n                <h2>4. Trách nhiệm của người dùng</h2>\n                <p>Người dùng cam kết:</p>\n                <ul>\n                    <li>Cung cấp thông tin chính xác</li>\n                    <li>Không sử dụng website cho mục đích bất hợp pháp</li>\n                    <li>Không gây tổn hại đến hệ thống</li>\n                    <li>Tuân thủ các quy định pháp luật</li>\n                </ul>\n\n                <h2>5. Giới hạn trách nhiệm</h2>\n                <p>Chúng tôi không chịu trách nhiệm về:</p>\n                <ul>\n                    <li>Thiệt hại do gián đoạn dịch vụ</li>\n                    <li>Sai sót thông tin từ bên thứ ba</li>\n                    <li>Việc sử dụng sai mục đích</li>\n                </ul>', 'Điều khoản và điều kiện sử dụng website Fruit Variety Shop.', 'Điều khoản sử dụng - Fruit Variety Shop', 'Điều khoản và điều kiện sử dụng website Fruit Variety Shop. Vui lòng đọc kỹ trước khi sử dụng dịch vụ.', 'điều khoản sử dụng, quy định website, điều kiện sử dụng', 1, 0, 0, 'policy', NULL, 1, 1, '2025-09-14 14:19:57', '2025-09-14 14:19:57', '2025-09-14 14:19:57'),
	(5, 'Chính sách giao hàng', 'chinh-sach-giao-hang', '<p>&lt;h1&gt;Chính sách giao hàng&lt;/h1&gt; &lt;h2&gt;1. Khu vực giao hàng&lt;/h2&gt; &lt;p&gt;Chúng tôi giao hàng tại:&lt;/p&gt; &lt;ul&gt; &lt;li&gt;&lt;strong&gt;Nội thành TP.HCM:&lt;/strong&gt; Tất cả các quận&lt;/li&gt; &lt;li&gt;&lt;strong&gt;Các tỉnh lân cận:&lt;/strong&gt; Bình Dương, Đồng Nai, Long An&lt;/li&gt; &lt;li&gt;&lt;strong&gt;Toàn quốc:&lt;/strong&gt; Qua dịch vụ chuyển phát&lt;/li&gt; &lt;/ul&gt; &lt;h2&gt;2. Thời gian giao hàng&lt;/h2&gt; &lt;p&gt;&lt;strong&gt;Nội thành TP.HCM:&lt;/strong&gt;&lt;/p&gt; &lt;ul&gt; &lt;li&gt;Giao hàng nhanh: 2-4 tiếng&lt;/li&gt; &lt;li&gt;Giao hàng tiêu chuẩn: 1-2 ngày&lt;/li&gt; &lt;/ul&gt; &lt;p&gt;&lt;strong&gt;Ngoại thành và tỉnh lân cận:&lt;/strong&gt; 2-3 ngày&lt;/p&gt; &lt;p&gt;&lt;strong&gt;Các tỉnh khác:&lt;/strong&gt; 3-7 ngày&lt;/p&gt; &lt;h2&gt;3. Phí giao hàng&lt;/h2&gt; &lt;ul&gt; &lt;li&gt;Miễn phí giao hàng cho đơn từ 500.000đ trong nội thành&lt;/li&gt; &lt;li&gt;Phí giao hàng nội thành: 25.000đ&lt;/li&gt; &lt;li&gt;Phí giao hàng ngoại thành: 35.000đ&lt;/li&gt; &lt;li&gt;Phí giao hàng toàn quốc: Theo biểu phí của đơn vị vận chuyển&lt;/li&gt; &lt;/ul&gt; &lt;h2&gt;4. Quy trình giao hàng&lt;/h2&gt; &lt;ol&gt; &lt;li&gt;Xác nhận đơn hàng qua điện thoại&lt;/li&gt; &lt;li&gt;Chuẩn bị và đóng gói sản phẩm&lt;/li&gt; &lt;li&gt;Giao hàng theo địa chỉ đã cung cấp&lt;/li&gt; &lt;li&gt;Khách hàng kiểm tra và thanh toán&lt;/li&gt; &lt;/ol&gt;</p>', 'Thông tin về chính sách giao hàng, thời gian và phí vận chuyển tại Fruit Variety Shop.', 'Chính sách giao hàng - Fruit Variety Shop', 'Tìm hiểu về chính sách giao hàng, thời gian vận chuyển và phí ship của Fruit Variety Shop.', 'chính sách giao hàng, vận chuyển, phí ship, thời gian giao hàng', 1, 1, 0, 'policy', NULL, 1, 1, '2025-09-14 14:19:57', '2025-09-14 14:19:57', '2025-09-14 20:21:54'),
	(6, 'Chính sách đổi trả', 'chinh-sach-doi-tra', '<h1>Chính sách đổi trả</h1>\n\n                <h2>1. Điều kiện đổi trả</h2>\n                <p>Chúng tôi chấp nhận đổi trả trong các trường hợp:</p>\n                <ul>\n                    <li>Sản phẩm không đúng chất lượng như cam kết</li>\n                    <li>Sản phẩm bị hư hỏng trong quá trình vận chuyển</li>\n                    <li>Giao nhầm sản phẩm</li>\n                    <li>Sản phẩm không đúng yêu cầu đặt hàng</li>\n                </ul>\n\n                <h2>2. Thời gian đổi trả</h2>\n                <ul>\n                    <li><strong>Trái cây tươi:</strong> Trong vòng 2 giờ kể từ khi nhận hàng</li>\n                    <li><strong>Trái cây sấy/đông lạnh:</strong> Trong vòng 24 giờ</li>\n                    <li><strong>Quà tặng:</strong> Trong vòng 7 ngày</li>\n                </ul>\n\n                <h2>3. Quy trình đổi trả</h2>\n                <ol>\n                    <li>Liên hệ hotline: 1900 1234</li>\n                    <li>Cung cấp thông tin đơn hàng</li>\n                    <li>Mô tả lý do đổi trả</li>\n                    <li>Chụp ảnh sản phẩm (nếu cần)</li>\n                    <li>Chờ xác nhận và hướng dẫn</li>\n                </ol>\n\n                <h2>4. Chi phí đổi trả</h2>\n                <ul>\n                    <li>Miễn phí nếu lỗi từ cửa hàng</li>\n                    <li>Khách hàng chịu phí vận chuyển nếu đổi ý</li>\n                    <li>Hoàn tiền trong vòng 3-5 ngày làm việc</li>\n                </ul>\n\n                <h2>5. Những trường hợp không được đổi trả</h2>\n                <ul>\n                    <li>Quá thời gian quy định</li>\n                    <li>Sản phẩm đã sử dụng/tiêu thụ</li>\n                    <li>Không có bằng chứng mua hàng</li>\n                    <li>Hư hỏng do bảo quản sai cách</li>\n                </ul>', 'Chính sách đổi trả sản phẩm tại Fruit Variety Shop - đảm bảo quyền lợi cho khách hàng.', 'Chính sách đổi trả - Fruit Variety Shop', 'Tìm hiểu về chính sách đổi trả sản phẩm, điều kiện và quy trình tại Fruit Variety Shop.', 'chính sách đổi trả, hoàn tiền, bảo hành sản phẩm', 1, 0, 0, 'policy', NULL, 1, 1, '2025-09-14 14:19:57', '2025-09-14 14:19:57', '2025-09-14 14:19:57'),
	(9, '123132', '11gg', '<p><br></p>', '123132', '123132', '123132', '123132', 1, 0, 0, 'default', NULL, 1, 1, '2025-09-14 20:09:01', '2025-09-14 20:08:52', '2025-09-14 20:09:01'),
	(10, '345345', '3435', '<p>&lt;p&gt;&amp;lt;p&amp;gt;&amp;lt;br&amp;gt;&amp;lt;/p&amp;gt;&lt;/p&gt;</p>', '345345', '345354', '435354', '345453', 1, 1, 0, 'contact', NULL, 1, 1, '2025-09-14 20:10:18', '2025-09-14 20:10:13', '2025-09-14 20:21:43');

-- Dumping data for table fruit_variety_shop.password_resets: ~0 rows (approximately)

-- Dumping data for table fruit_variety_shop.password_reset_tokens: ~0 rows (approximately)

-- Dumping data for table fruit_variety_shop.personal_access_tokens: ~0 rows (approximately)

-- Dumping data for table fruit_variety_shop.products: ~9 rows (approximately)
REPLACE INTO `products` (`id`, `name`, `category_id`, `price`, `description`, `image`, `stock`, `created_at`, `updated_at`) VALUES
	(1, 'Hạt giống xoài Thái', 1, 50000.00, 'Hạt giống xoài chất lượng cao', 'https://encrypted-tbn0.gstatic.com/images?q=tbn:ANd9GcQ9akwddOgRrMJiEra34S5zRvNtJDsk5dTH8g&s', 100, '2025-08-17 19:18:23', '2025-08-17 19:49:01'),
	(2, 'Hạt giống táo Fuji', 2, 60000.00, 'Hạt giống táo nhập khẩu', 'https://encrypted-tbn0.gstatic.com/images?q=tbn:ANd9GcSNnMruROpU4eaKtZR4GC3vLXUJa7P6XIsprg&s', 50, '2025-08-17 19:18:23', '2025-08-17 20:06:38'),
	(3, 'Hạt giống Táo Fuji', 5, 45000.00, 'Mô tả cho Táo Fuji', 'https://encrypted-tbn0.gstatic.com/images?q=tbn:ANd9GcSugnx1WfbACCarD6pV4f1ZSayITdWIP_hZvw&s', 100, '2025-09-09 00:01:01', '2025-09-14 18:53:14'),
	(4, 'Hạt giống Cam Sành', 1, 35000.00, 'Mô tả cho Cam Sành', 'https://foody24h.vn/uploads/collections/cam-sanh-4192-2021-08-26.jpg', 80, '2025-09-09 00:01:01', '2025-09-14 18:53:47'),
	(5, 'Hạt giống Chuối Tiêu', 1, 25000.00, 'Mô tả cho Chuối Tiêu', 'https://cdn.tgdd.vn/Files/2019/10/20/1210655/tim-hieu-ve-chuoi-tieu-loai-chuoi-dan-da-ma-lai-loi-ich-chang-ngo-201910202156361922.jpg', 150, '2025-09-09 00:01:01', '2025-09-14 18:54:25'),
	(6, 'Hạt giống Nho Xanh', 3, 85000.00, 'Mô tả cho Nho Xanh', 'https://bizweb.dktcdn.net/100/390/808/products/nho-xanh-autumn-crisp-uc.jpg', 60, '2025-09-09 00:01:01', '2025-09-14 18:55:07'),
	(7, 'Hạt giống Xoài Cát', 1, 65000.00, 'Mô tả cho Xoài Cát', 'https://encrypted-tbn2.gstatic.com/images?q=tbn:ANd9GcQSgOQL2L961wmmC_fId3SREBilHYkovX1GBznBZ0yvLtJCZ8bZ-XQCi-nNzeGFPWNVFXvGSLSxL8OAbc44w8xNIJWrLVhQWEhNtbCjY1M', 40, '2025-09-09 00:01:01', '2025-09-14 18:55:43'),
	(8, 'Hạt giống Dưa Hấu', 1, 30000.00, 'Mô tả cho Dưa Hấu', 'https://encrypted-tbn0.gstatic.com/images?q=tbn:ANd9GcQb8jAqdnTTuUukvmuv9x3Agkk09asA1BgsCw&s', 20, '2025-09-09 00:01:01', '2025-09-14 18:56:12'),
	(9, 'Giống cây Dứa', 1, 40000.00, 'Mô tả cho Dứa', 'https://encrypted-tbn2.gstatic.com/images?q=tbn:ANd9GcRUEIjO2w77raxH2jr_pRIx2D-iHxAW-qDC4MNFLnqbbL45v8ZMbzfwRPtAcv1d3DO8eH6nDE_U-jXycond9yQeg1ez4ALipfocp9gaQg', 50, '2025-09-09 00:01:01', '2025-09-14 18:56:37');

-- Dumping data for table fruit_variety_shop.reviews: ~1 rows (approximately)
REPLACE INTO `reviews` (`id`, `user_id`, `product_id`, `order_id`, `rating`, `comment`, `is_verified`, `is_approved`, `created_at`, `updated_at`) VALUES
	(6, 2, 1, 1, 5, 'Rất oke mình mua trồng ko lên mầm', 1, 1, '2025-09-14 19:16:40', '2025-09-14 19:16:40');

-- Dumping data for table fruit_variety_shop.users: ~6 rows (approximately)
REPLACE INTO `users` (`id`, `name`, `email`, `email_verified_at`, `password`, `remember_token`, `created_at`, `updated_at`, `role`, `email_verification_token`) VALUES
	(1, 'Admin', 'admin@admin.com', '2025-08-18 23:34:40', '$2y$12$lf9.L3wIa8WPR1ncaUJSjOysYt0YGGyx76rHUvcRLklMPPhwh.nFm', NULL, '2025-08-17 19:18:23', '2025-08-18 23:34:40', 'admin', NULL),
	(2, 'Nguyễn Ngọc Khánh', 'wasabi954@gmail.com', '2025-08-18 23:34:01', '$2y$12$6mBk3GoICdKIVEo6u33gy.CMl..glqK8ecvBBZyoRDOAfy.L8ogBu', 'FGwBGO0chvvqvM9QWhPIDru3mn3b73iy106it7WaaEJt0hFqEq8Ih4eRofaC', '2025-08-18 23:25:36', '2025-09-21 19:03:39', 'user', NULL),
	(3, 'Nguyễn Ngọc Khánh', 'nnknnk2004@gmail.com', '2025-09-08 23:24:15', '$2y$12$SBu.i.XMvC2jYM7wl7fMnOPq1TDEMT4/Zb6e/Jde6GK3Sx2/Wda5e', NULL, '2025-09-08 23:22:45', '2025-09-08 23:24:15', 'user', NULL),
	(4, 'Demo User', 'demo@example.com', NULL, '$2y$12$4Erq9UkDRiKu7o2bqpjMpeKXZRMmfjo15mM5MHqnXh2ibSc7ASIQe', NULL, '2025-09-09 00:00:00', '2025-09-09 00:00:00', 'user', NULL),
	(5, 'Admin', 'admin@test.com', '2025-09-14 18:31:06', '$2y$12$VPmwhMXBAZESluC5NHityeZj8/4mfLFO2poqRgLA78EuNlHPEuDVi', NULL, '2025-09-14 18:31:06', '2025-09-14 18:31:06', 'admin', NULL),
	(6, 'Mosaic NGUyen', 'mosaic.hmc@gmail.com', NULL, '$2y$12$fOosj0ZNEmLBwHp8xj1UHuWAb8ZByixlZ.66eaUhbSDl0FKUIIOBa', NULL, '2025-09-21 19:08:51', '2025-09-21 19:08:52', 'user', 'e58c19c5838f2d25ad2ac360b9fd6423d140a6790d73a694aa592bf5bc165374');

-- Dumping data for table fruit_variety_shop.vouchers: ~10 rows (approximately)
REPLACE INTO `vouchers` (`id`, `code`, `name`, `description`, `type`, `amount`, `usage_limit`, `usage_limit_per_user`, `used_count`, `minimum_order_amount`, `starts_at`, `expires_at`, `is_active`, `is_public`, `applicable_categories`, `applicable_users`, `created_by`, `created_at`, `updated_at`) VALUES
	(1, 'WELCOME20', 'Chào mừng khách hàng mới', 'Giảm 20% cho đơn hàng đầu tiên từ 200.000đ', 'percentage', 20.00, 100, 1, 0, 200000.00, NULL, '2025-11-14 20:48:22', 1, 1, NULL, NULL, 1, '2025-09-14 13:48:22', '2025-09-14 13:48:22'),
	(2, 'SUMMER15', 'Khuyến mãi mùa hè', 'Giảm 15% cho tất cả đơn hàng từ 150.000đ', 'percentage', 15.00, 200, 1, 0, 150000.00, NULL, '2025-10-14 20:48:22', 1, 1, NULL, NULL, 1, '2025-09-14 13:48:22', '2025-09-14 13:48:22'),
	(3, 'FRUIT10', 'Yêu trái cây', 'Giảm 10% cho đơn hàng trái cây tươi', 'percentage', 10.00, 500, 1, 0, 100000.00, NULL, '2025-10-05 20:48:22', 1, 1, NULL, NULL, 1, '2025-09-14 13:48:22', '2025-09-14 13:48:22'),
	(4, 'SAVE50K', 'Tiết kiệm 50K', 'Giảm 50.000đ cho đơn hàng từ 300.000đ', 'fixed', 50000.00, 150, 1, 0, 300000.00, NULL, '2025-10-14 20:48:22', 1, 1, NULL, NULL, 1, '2025-09-14 13:48:22', '2025-09-14 13:48:22'),
	(5, 'DISCOUNT30K', 'Giảm ngay 30K', 'Giảm 30.000đ cho đơn hàng từ 200.000đ', 'fixed', 30000.00, 300, 1, 0, 200000.00, NULL, '2025-09-28 20:48:22', 1, 1, NULL, NULL, 1, '2025-09-14 13:48:22', '2025-09-14 13:48:22'),
	(6, 'FREESHIP', 'Miễn phí vận chuyển', 'Giảm 20.000đ phí ship cho đơn từ 100.000đ', 'fixed', 20000.00, 1000, 1, 0, 100000.00, NULL, '2025-12-14 20:48:22', 1, 1, NULL, NULL, 1, '2025-09-14 13:48:22', '2025-09-14 13:48:22'),
	(7, 'VIP25', 'Ưu đãi VIP', 'Giảm 25% cho khách hàng VIP (tối đa 100K)', 'percentage', 25.00, 50, 1, 0, 500000.00, NULL, '2026-03-14 20:48:22', 1, 1, NULL, NULL, 1, '2025-09-14 13:48:22', '2025-09-14 13:48:22'),
	(8, 'FLASH100K', 'Flash Sale', 'Giảm ngay 100.000đ cho đơn hàng từ 800.000đ', 'fixed', 100000.00, 20, 1, 0, 800000.00, NULL, '2025-09-21 20:48:22', 1, 1, NULL, NULL, 1, '2025-09-14 13:48:22', '2025-09-14 13:48:22'),
	(9, 'LASTCHANCE', 'Cơ hội cuối', 'Giảm 30% - Chỉ còn 3 ngày!', 'percentage', 30.00, 30, 1, 0, 250000.00, NULL, '2025-09-17 20:48:22', 1, 1, NULL, NULL, 1, '2025-09-14 13:48:22', '2025-09-14 13:48:22'),
	(10, 'EXPIRED20', 'Voucher đã hết hạn', 'Voucher này đã hết hạn sử dụngg', 'percentage', 20.00, 100, 1, 0, 100000.00, NULL, '2025-09-09 20:48:00', 0, 1, NULL, NULL, 1, '2025-09-14 13:48:22', '2025-09-14 20:16:15');

-- Dumping data for table fruit_variety_shop.voucher_categories: ~0 rows (approximately)

-- Dumping data for table fruit_variety_shop.voucher_usages: ~0 rows (approximately)

-- Dumping data for table fruit_variety_shop.wishlists: ~0 rows (approximately)

/*!40103 SET TIME_ZONE=IFNULL(@OLD_TIME_ZONE, 'system') */;
/*!40101 SET SQL_MODE=IFNULL(@OLD_SQL_MODE, '') */;
/*!40014 SET FOREIGN_KEY_CHECKS=IFNULL(@OLD_FOREIGN_KEY_CHECKS, 1) */;
/*!40101 SET CHARACTER_SET_CLIENT=@OLD_CHARACTER_SET_CLIENT */;
/*!40111 SET SQL_NOTES=IFNULL(@OLD_SQL_NOTES, 1) */;
